{
  "products": [
    {
      "id": "oxford-mahogany",
      "name": "Heritage Oxford",
      "category": "oxfords",
      "price": 450,
      "images": [
        "/luxury-oxford-leather-shoe-mahogany-color-studio-l.jpg",
        "/luxury-oxford-leather-shoe-mahogany-color-studio-l.jpg",
        "/luxury-oxford-leather-shoe-mahogany-color-studio-l.jpg"
      ],
      "description": "Handcrafted from the finest Italian leather, our Heritage Oxford embodies timeless elegance.",
      "craftsmanship": "Each pair is meticulously crafted by master artisans using traditional techniques passed down through generations.",
      "care": "Clean with a soft cloth and condition monthly with premium leather conditioner.",
      "sizes": [7, 7.5, 8, 8.5, 9, 9.5, 10, 10.5, 11, 11.5, 12],
      "featured": true
    },
    {
      "id": "brogue-espresso",
      "name": "Gentleman's Brogue",
      "category": "brogues",
      "price": 520,
      "images": [
        "/luxury-oxford-leather-shoe-mahogany-color-studio-l.jpg",
        "/luxury-oxford-leather-shoe-mahogany-color-studio-l.jpg",
        "/luxury-oxford-leather-shoe-mahogany-color-studio-l.jpg"
      ],
      "description": "Distinguished broguing meets contemporary sophistication in this exceptional dress shoe.",
      "craftsmanship": "Hand-punched brogue detailing and Goodyear welt construction ensure lasting quality.",
      "care": "Brush regularly and polish with matching cream to maintain the rich espresso finish.",
      "sizes": [7, 7.5, 8, 8.5, 9, 9.5, 10, 10.5, 11, 11.5, 12],
      "featured": true
    },
    {
      "id": "loafer-cognac",
      "name": "Club Loafer",
      "category": "loafers",
      "price": 380,
      "images": [
        "/luxury-oxford-leather-shoe-mahogany-color-studio-l.jpg",
        "/luxury-oxford-leather-shoe-mahogany-color-studio-l.jpg",
        "/luxury-oxford-leather-shoe-mahogany-color-studio-l.jpg"
      ],
      "description": "The perfect balance of casual elegance and refined comfort for the modern gentleman.",
      "craftsmanship": "Blake construction with hand-stitched details and premium leather lining.",
      "care": "Use cedar shoe trees and condition regularly to maintain shape and suppleness.",
      "sizes": [7, 7.5, 8, 8.5, 9, 9.5, 10, 10.5, 11, 11.5, 12],
      "featured": false
    },
    {
      "id": "boot-black",
      "name": "Chelsea Boot",
      "category": "boots",
      "price": 480,
      "images": [
        "/luxury-oxford-leather-shoe-mahogany-color-studio-l.jpg",
        "/luxury-oxford-leather-shoe-mahogany-color-studio-l.jpg",
        "/luxury-oxford-leather-shoe-mahogany-color-studio-l.jpg"
      ],
      "description": "Sleek and versatile, our Chelsea Boot transitions seamlessly from day to evening.",
      "craftsmanship": "Premium elastic goring and leather pull tabs with reinforced heel construction.",
      "care": "Clean with damp cloth and apply black cream polish for optimal appearance.",
      "sizes": [7, 7.5, 8, 8.5, 9, 9.5, 10, 10.5, 11, 11.5, 12],
      "featured": true
    }
  ],
  "categories": [
    {
      "slug": "oxfords",
      "name": "Oxford Shoes",
      "description": "Classic formal shoes with closed lacing system"
    },
    {
      "slug": "brogues",
      "name": "Brogue Shoes",
      "description": "Distinguished shoes featuring decorative perforations"
    },
    {
      "slug": "loafers",
      "name": "Loafers",
      "description": "Slip-on shoes perfect for smart casual occasions"
    },
    {
      "slug": "boots",
      "name": "Boots",
      "description": "Ankle-high footwear for versatile styling"
    }
  ]
}
